hyb,ch,x,y,z,int,gene
1,1,122.0,14.0,0.0,548,LEFTY1
1,1,111.0,156.0,0.0,329,LEFTY1
1,1,110.0,163.0,0.0,320,LEFTY1
1,1,105.0,188.0,0.0,345,LEFTY1
1,1,59.0,142.0,0.0,332,LEFTY1
1,1,7.0,176.0,0.0,328,LEFTY1
1,1,174.0,157.0,0.0,337,LEFTY1
1,1,11.0,166.0,0.0,319,LEFTY1
1,1,139.0,172.0,0.0,317,LEFTY1
1,1,107.0,176.0,0.0,331,LEFTY1
1,1,123.0,141.0,0.0,340,LEFTY1
1,1,175.0,129.0,0.0,343,LEFTY1
1,1,54.0,18.0,0.0,316,LEFTY1
1,1,184.0,60.0,0.0,321,LEFTY1
1,1,188.0,145.0,0.0,314,LEFTY1
1,1,94.0,196.0,0.0,313,LEFTY1
1,1,158.0,190.0,0.0,324,LEFTY1
1,1,170.0,176.0,0.0,331,LEFTY1
1,1,76.0,18.0,0.0,314,LEFTY1
1,1,147.0,184.0,0.0,320,LEFTY1
1,1,122.0,14.0,1.0,641,LEFTY1
1,1,7.0,176.0,1.0,374,LEFTY1
1,1,102.0,199.0,1.0,329,LEFTY1
1,1,49.0,119.0,1.0,346,LEFTY1
1,1,101.0,72.0,1.0,342,LEFTY1
1,1,178.0,172.0,1.0,323,LEFTY1
1,1,199.0,134.0,1.0,320,LEFTY1
1,1,22.0,163.0,1.0,340,LEFTY1
1,1,130.0,180.0,1.0,347,LEFTY1
1,1,61.0,103.0,1.0,321,LEFTY1
1,1,123.0,141.0,1.0,323,LEFTY1
1,1,175.0,129.0,1.0,336,LEFTY1
1,1,27.0,77.0,1.0,329,LEFTY1
1,1,131.0,120.0,1.0,317,LEFTY1
1,1,104.0,83.0,1.0,342,LEFTY1
1,1,134.0,140.0,1.0,317,LEFTY1
1,1,173.0,79.0,1.0,317,LEFTY1
1,1,183.0,108.0,1.0,321,LEFTY1
1,1,166.0,180.0,1.0,328,LEFTY1
1,1,171.0,182.0,1.0,317,LEFTY1
1,1,122.0,14.0,2.0,582,LEFTY1
1,1,158.0,193.0,2.0,338,LEFTY1
1,1,194.0,153.0,2.0,321,LEFTY1
1,1,150.0,184.0,2.0,318,LEFTY1
1,1,183.0,178.0,2.0,342,LEFTY1
1,1,105.0,185.0,2.0,324,LEFTY1
1,1,103.0,199.0,2.0,328,LEFTY1
1,1,169.0,193.0,2.0,334,LEFTY1
1,1,96.0,99.0,2.0,313,LEFTY1
1,1,111.0,119.0,2.0,334,LEFTY1
1,1,75.0,76.0,2.0,320,LEFTY1
1,1,186.0,171.0,2.0,328,LEFTY1
1,1,175.0,130.0,2.0,324,LEFTY1
1,1,41.0,143.0,2.0,324,LEFTY1
1,1,106.0,179.0,2.0,315,LEFTY1
1,1,96.0,128.0,2.0,317,LEFTY1
1,1,151.0,193.0,2.0,341,LEFTY1
1,1,174.0,157.0,2.0,315,LEFTY1
1,1,162.0,188.0,2.0,325,LEFTY1
1,1,143.0,145.0,2.0,324,LEFTY1
1,1,122.0,14.0,3.0,576,LEFTY1
1,1,199.0,184.0,3.0,347,LEFTY1
1,1,7.0,176.0,3.0,353,LEFTY1
1,1,182.0,192.0,3.0,322,LEFTY1
1,1,162.0,134.0,3.0,320,LEFTY1
1,1,187.0,177.0,3.0,327,LEFTY1
1,1,75.0,76.0,3.0,347,LEFTY1
1,1,150.0,193.0,3.0,329,LEFTY1
1,1,175.0,129.0,3.0,352,LEFTY1
1,1,22.0,163.0,3.0,347,LEFTY1
1,1,171.0,190.0,3.0,321,LEFTY1
1,1,145.0,93.0,3.0,319,LEFTY1
1,1,117.0,184.0,3.0,318,LEFTY1
1,1,158.0,171.0,3.0,332,LEFTY1
1,1,90.0,181.0,3.0,323,LEFTY1
1,1,81.0,126.0,3.0,329,LEFTY1
1,1,168.0,183.0,3.0,325,LEFTY1
1,1,144.0,174.0,3.0,330,LEFTY1
1,1,198.0,107.0,3.0,319,LEFTY1
1,2,122.0,14.0,0.0,977,SOX17
1,2,7.0,176.0,0.0,433,SOX17
1,2,75.0,76.0,0.0,422,SOX17
1,2,130.0,180.0,0.0,364,SOX17
1,2,123.0,141.0,0.0,386,SOX17
1,2,106.0,27.0,0.0,365,SOX17
1,2,22.0,163.0,0.0,348,SOX17
1,2,101.0,72.0,0.0,317,SOX17
1,2,15.0,150.0,0.0,309,SOX17
1,2,125.0,51.0,0.0,311,SOX17
1,2,4.0,89.0,0.0,334,SOX17
1,2,152.0,81.0,0.0,326,SOX17
1,2,41.0,143.0,0.0,335,SOX17
1,2,165.0,134.0,0.0,354,SOX17
1,2,175.0,129.0,0.0,358,SOX17
1,2,148.0,42.0,0.0,317,SOX17
1,2,88.0,176.0,0.0,335,SOX17
1,2,174.0,157.0,0.0,317,SOX17
1,2,28.0,110.0,0.0,306,SOX17
1,2,49.0,119.0,0.0,332,SOX17
1,2,122.0,14.0,1.0,1053,SOX17
1,2,7.0,176.0,1.0,437,SOX17
1,2,13.0,71.0,1.0,390,SOX17
1,2,3.0,60.0,1.0,312,SOX17
1,2,27.0,77.0,1.0,332,SOX17
1,2,175.0,129.0,1.0,365,SOX17
1,2,22.0,163.0,1.0,342,SOX17
1,2,130.0,180.0,1.0,331,SOX17
1,2,75.0,76.0,1.0,359,SOX17
1,2,101.0,72.0,1.0,320,SOX17
1,2,4.0,89.0,1.0,343,SOX17
1,2,123.0,141.0,1.0,327,SOX17
1,2,106.0,27.0,1.0,332,SOX17
1,2,88.0,134.0,1.0,355,SOX17
1,2,171.0,149.0,1.0,328,SOX17
1,2,15.0,150.0,1.0,312,SOX17
1,2,41.0,143.0,1.0,304,SOX17
1,2,91.0,172.0,1.0,299,SOX17
1,2,100.0,193.0,1.0,304,SOX17
1,2,93.0,15.0,1.0,308,SOX17
1,2,122.0,14.0,2.0,996,SOX17
1,2,7.0,176.0,2.0,405,SOX17
1,2,75.0,76.0,2.0,390,SOX17
1,2,123.0,141.0,2.0,373,SOX17
1,2,199.0,134.0,2.0,310,SOX17
1,2,13.0,71.0,2.0,379,SOX17
1,2,49.0,119.0,2.0,340,SOX17
1,2,15.0,150.0,2.0,346,SOX17
1,2,148.0,42.0,2.0,319,SOX17
1,2,4.0,89.0,2.0,335,SOX17
1,2,175.0,129.0,2.0,344,SOX17
1,2,27.0,77.0,2.0,316,SOX17
1,2,54.0,18.0,2.0,313,SOX17
1,2,165.0,134.0,2.0,318,SOX17
1,2,22.0,163.0,2.0,323,SOX17
1,2,44.0,188.0,2.0,305,SOX17
1,2,96.0,20.0,2.0,316,SOX17
1,2,32.0,57.0,2.0,326,SOX17
1,2,190.0,27.0,2.0,322,SOX17
1,2,88.0,134.0,2.0,308,SOX17
1,2,122.0,14.0,3.0,956,SOX17
1,2,7.0,176.0,3.0,456,SOX17
1,2,13.0,71.0,3.0,340,SOX17
1,2,106.0,27.0,3.0,397,SOX17
1,2,27.0,77.0,3.0,359,SOX17
1,2,88.0,134.0,3.0,367,SOX17
1,2,75.0,76.0,3.0,383,SOX17
1,2,22.0,163.0,3.0,322,SOX17
1,2,15.0,150.0,3.0,349,SOX17
1,2,130.0,180.0,3.0,339,SOX17
1,2,4.0,89.0,3.0,347,SOX17
1,2,92.0,137.0,3.0,329,SOX17
1,2,49.0,119.0,3.0,320,SOX17
1,2,33.0,62.0,3.0,317,SOX17
1,2,171.0,149.0,3.0,332,SOX17
1,2,117.0,159.0,3.0,311,SOX17
1,2,175.0,129.0,3.0,335,SOX17
1,2,184.0,81.0,3.0,314,SOX17
1,2,41.0,143.0,3.0,326,SOX17
1,3,122.0,14.0,0.0,951,NOG
1,3,7.0,176.0,0.0,412,NOG
1,3,13.0,71.0,0.0,369,NOG
1,3,22.0,163.0,0.0,300,NOG
1,3,15.0,150.0,0.0,318,NOG
1,3,106.0,27.0,0.0,330,NOG
1,3,75.0,76.0,0.0,341,NOG
1,3,175.0,129.0,0.0,328,NOG
1,3,123.0,141.0,0.0,334,NOG
1,3,130.0,180.0,0.0,311,NOG
1,3,49.0,119.0,0.0,302,NOG
1,3,88.0,134.0,0.0,296,NOG
1,3,27.0,77.0,0.0,322,NOG
1,3,4.0,89.0,0.0,324,NOG
1,3,171.0,149.0,0.0,295,NOG
1,3,148.0,42.0,0.0,283,NOG
1,3,182.0,127.0,0.0,276,NOG
1,3,11.0,166.0,0.0,281,NOG
1,3,143.0,145.0,0.0,287,NOG
1,3,122.0,14.0,1.0,990,NOG
1,3,7.0,176.0,1.0,417,NOG
1,3,199.0,184.0,1.0,280,NOG
1,3,75.0,76.0,1.0,345,NOG
1,3,123.0,141.0,1.0,331,NOG
1,3,49.0,119.0,1.0,313,NOG
1,3,125.0,51.0,1.0,302,NOG
1,3,27.0,77.0,1.0,315,NOG
1,3,184.0,81.0,1.0,280,NOG
1,3,190.0,27.0,1.0,282,NOG
1,3,106.0,27.0,1.0,310,NOG
1,3,32.0,57.0,1.0,311,NOG
1,3,4.0,89.0,1.0,322,NOG
1,3,171.0,149.0,1.0,278,NOG
1,3,194.0,151.0,1.0,281,NOG
1,3,41.0,143.0,1.0,322,NOG
1,3,130.0,180.0,1.0,290,NOG
1,3,174.0,157.0,1.0,280,NOG
1,3,175.0,129.0,1.0,304,NOG
1,3,122.0,14.0,2.0,978,NOG
1,3,7.0,176.0,2.0,411,NOG
1,3,13.0,71.0,2.0,343,NOG
1,3,123.0,141.0,2.0,362,NOG
1,3,175.0,129.0,2.0,331,NOG
1,3,75.0,76.0,2.0,336,NOG
1,3,106.0,27.0,2.0,305,NOG
1,3,130.0,180.0,2.0,325,NOG
1,3,27.0,77.0,2.0,321,NOG
1,3,15.0,150.0,2.0,298,NOG
1,3,155.0,142.0,2.0,303,NOG
1,3,49.0,119.0,2.0,285,NOG
1,3,149.0,134.0,2.0,273,NOG
1,3,170.0,193.0,2.0,277,NOG
1,3,22.0,163.0,2.0,293,NOG
1,3,26.0,108.0,2.0,273,NOG
1,3,29.0,59.0,2.0,297,NOG
1,3,4.0,89.0,2.0,280,NOG
1,3,114.0,40.0,2.0,283,NOG
1,3,88.0,176.0,2.0,288,NOG
1,3,122.0,14.0,3.0,994,NOG
1,3,7.0,176.0,3.0,394,NOG
1,3,13.0,71.0,3.0,355,NOG
1,3,130.0,180.0,3.0,339,NOG
1,3,75.0,76.0,3.0,331,NOG
1,3,123.0,141.0,3.0,347,NOG
1,3,15.0,150.0,3.0,316,NOG
1,3,106.0,27.0,3.0,350,NOG
1,3,11.0,166.0,3.0,293,NOG
1,3,4.0,89.0,3.0,299,NOG
1,3,171.0,149.0,3.0,305,NOG
1,3,101.0,72.0,3.0,311,NOG
1,3,27.0,77.0,3.0,312,NOG
1,3,143.0,145.0,3.0,279,NOG
1,3,175.0,129.0,3.0,302,NOG
1,3,33.0,62.0,3.0,276,NOG
1,3,49.0,119.0,3.0,288,NOG
1,3,88.0,134.0,3.0,278,NOG
1,3,165.0,134.0,3.0,275,NOG
1,3,177.0,178.0,3.0,274,NOG
2,1,122.0,14.0,0.0,625,GBX2
2,1,162.0,199.0,0.0,323,GBX2
2,1,103.0,192.0,0.0,325,GBX2
2,1,176.0,176.0,0.0,346,GBX2
2,1,93.0,15.0,0.0,326,GBX2
2,1,13.0,71.0,0.0,326,GBX2
2,1,138.0,147.0,0.0,337,GBX2
2,1,54.0,18.0,0.0,327,GBX2
2,1,151.0,183.0,0.0,320,GBX2
2,1,140.0,105.0,0.0,321,GBX2
2,1,113.0,181.0,0.0,326,GBX2
2,1,106.0,27.0,0.0,323,GBX2
2,1,80.0,158.0,0.0,322,GBX2
2,1,140.0,199.0,0.0,324,GBX2
2,1,75.0,76.0,0.0,323,GBX2
2,1,27.0,77.0,0.0,322,GBX2
2,1,187.0,167.0,0.0,331,GBX2
2,1,130.0,180.0,0.0,351,GBX2
2,1,123.0,141.0,0.0,341,GBX2
2,1,122.0,14.0,1.0,562,GBX2
2,1,122.0,101.0,1.0,320,GBX2
2,1,134.0,153.0,1.0,326,GBX2
2,1,107.0,172.0,1.0,316,GBX2
2,1,71.0,187.0,1.0,313,GBX2
2,1,136.0,173.0,1.0,328,GBX2
2,1,94.0,190.0,1.0,317,GBX2
2,1,194.0,151.0,1.0,317,GBX2
2,1,106.0,27.0,1.0,338,GBX2
2,1,117.0,184.0,1.0,338,GBX2
2,1,186.0,187.0,1.0,322,GBX2
2,1,39.0,57.0,1.0,351,GBX2
2,1,27.0,77.0,1.0,318,GBX2
2,1,175.0,164.0,1.0,331,GBX2
2,1,191.0,197.0,1.0,321,GBX2
2,1,174.0,197.0,1.0,337,GBX2
2,1,112.0,177.0,1.0,313,GBX2
2,1,182.0,162.0,1.0,323,GBX2
2,1,144.0,116.0,1.0,329,GBX2
2,1,44.0,188.0,1.0,330,GBX2
2,1,122.0,14.0,2.0,598,GBX2
2,1,112.0,149.0,2.0,322,GBX2
2,1,133.0,56.0,2.0,313,GBX2
2,1,104.0,191.0,2.0,343,GBX2
2,1,109.0,167.0,2.0,313,GBX2
2,1,161.0,183.0,2.0,313,GBX2
2,1,112.0,155.0,2.0,340,GBX2
2,1,102.0,199.0,2.0,318,GBX2
2,1,161.0,191.0,2.0,311,GBX2
2,1,122.0,186.0,2.0,322,GBX2
2,1,22.0,88.0,2.0,317,GBX2
2,1,148.0,199.0,2.0,314,GBX2
2,1,162.0,174.0,2.0,315,GBX2
2,1,170.0,193.0,2.0,326,GBX2
2,1,75.0,76.0,2.0,332,GBX2
2,1,157.0,194.0,2.0,328,GBX2
2,1,170.0,199.0,2.0,316,GBX2
2,1,184.0,81.0,2.0,329,GBX2
2,1,155.0,187.0,2.0,313,GBX2
2,1,197.0,181.0,2.0,321,GBX2
2,1,122.0,14.0,3.0,525,GBX2
2,1,107.0,176.0,3.0,341,GBX2
2,1,4.0,89.0,3.0,337,GBX2
2,1,165.0,134.0,3.0,322,GBX2
2,1,102.0,199.0,3.0,324,GBX2
2,1,129.0,136.0,3.0,322,GBX2
2,1,7.0,176.0,3.0,335,GBX2
2,1,142.0,184.0,3.0,324,GBX2
2,1,13.0,71.0,3.0,332,GBX2
2,1,120.0,137.0,3.0,326,GBX2
2,1,130.0,180.0,3.0,348,GBX2
2,1,75.0,76.0,3.0,337,GBX2
2,1,153.0,186.0,3.0,335,GBX2
2,1,148.0,153.0,3.0,326,GBX2
2,1,63.0,120.0,3.0,323,GBX2
2,1,187.0,170.0,3.0,328,GBX2
2,1,93.0,132.0,3.0,331,GBX2
2,1,123.0,130.0,3.0,322,GBX2
2,1,116.0,198.0,3.0,324,GBX2
2,1,179.0,183.0,3.0,335,GBX2
2,2,122.0,14.0,0.0,1002,POU5F1
2,2,7.0,176.0,0.0,440,POU5F1
2,2,75.0,76.0,0.0,383,POU5F1
2,2,13.0,71.0,0.0,373,POU5F1
2,2,175.0,129.0,0.0,326,POU5F1
2,2,130.0,180.0,0.0,327,POU5F1
2,2,184.0,81.0,0.0,306,POU5F1
2,2,49.0,119.0,0.0,357,POU5F1
2,2,123.0,141.0,0.0,339,POU5F1
2,2,171.0,149.0,0.0,345,POU5F1
2,2,22.0,163.0,0.0,332,POU5F1
2,2,27.0,77.0,0.0,347,POU5F1
2,2,80.0,158.0,0.0,304,POU5F1
2,2,106.0,27.0,0.0,308,POU5F1
2,2,15.0,150.0,0.0,310,POU5F1
2,2,4.0,89.0,0.0,316,POU5F1
2,2,101.0,72.0,0.0,326,POU5F1
2,2,117.0,159.0,0.0,307,POU5F1
2,2,120.0,136.0,0.0,309,POU5F1
2,2,32.0,57.0,0.0,304,POU5F1
2,2,122.0,14.0,1.0,1070,POU5F1
2,2,7.0,176.0,1.0,466,POU5F1
2,2,123.0,141.0,1.0,378,POU5F1
2,2,22.0,163.0,1.0,400,POU5F1
2,2,13.0,71.0,1.0,358,POU5F1
2,2,106.0,27.0,1.0,384,POU5F1
2,2,49.0,119.0,1.0,341,POU5F1
2,2,75.0,76.0,1.0,373,POU5F1
2,2,130.0,180.0,1.0,375,POU5F1
2,2,175.0,129.0,1.0,376,POU5F1
2,2,184.0,81.0,1.0,328,POU5F1
2,2,27.0,77.0,1.0,334,POU5F1
2,2,96.0,20.0,1.0,327,POU5F1
2,2,125.0,51.0,1.0,319,POU5F1
2,2,88.0,134.0,1.0,337,POU5F1
2,2,54.0,18.0,1.0,322,POU5F1
2,2,15.0,150.0,1.0,328,POU5F1
2,2,171.0,149.0,1.0,330,POU5F1
2,2,92.0,137.0,1.0,317,POU5F1
2,2,122.0,14.0,2.0,1040,POU5F1
2,2,49.0,119.0,2.0,397,POU5F1
2,2,13.0,71.0,2.0,387,POU5F1
2,2,199.0,134.0,2.0,301,POU5F1
2,2,123.0,141.0,2.0,351,POU5F1
2,2,175.0,129.0,2.0,362,POU5F1
2,2,130.0,180.0,2.0,322,POU5F1
2,2,106.0,27.0,2.0,375,POU5F1
2,2,75.0,76.0,2.0,366,POU5F1
2,2,22.0,163.0,2.0,340,POU5F1
2,2,76.0,40.0,2.0,312,POU5F1
2,2,27.0,77.0,2.0,331,POU5F1
2,2,11.0,166.0,2.0,320,POU5F1
2,2,15.0,150.0,2.0,307,POU5F1
2,2,4.0,89.0,2.0,323,POU5F1
2,2,104.0,83.0,2.0,329,POU5F1
2,2,183.0,108.0,2.0,307,POU5F1
2,2,140.0,105.0,2.0,305,POU5F1
2,2,88.0,176.0,2.0,301,POU5F1
2,2,148.0,42.0,2.0,305,POU5F1
2,2,122.0,14.0,3.0,994,POU5F1
2,2,7.0,176.0,3.0,430,POU5F1
2,2,175.0,129.0,3.0,411,POU5F1
2,2,199.0,184.0,3.0,301,POU5F1
2,2,75.0,76.0,3.0,407,POU5F1
2,2,123.0,141.0,3.0,344,POU5F1
2,2,13.0,71.0,3.0,348,POU5F1
2,2,22.0,163.0,3.0,340,POU5F1
2,2,106.0,27.0,3.0,369,POU5F1
2,2,130.0,180.0,3.0,371,POU5F1
2,2,41.0,143.0,3.0,335,POU5F1
2,2,4.0,89.0,3.0,320,POU5F1
2,2,36.0,79.0,3.0,310,POU5F1
2,2,11.0,166.0,3.0,343,POU5F1
2,2,15.0,150.0,3.0,334,POU5F1
2,2,155.0,142.0,3.0,327,POU5F1
2,2,171.0,149.0,3.0,324,POU5F1
2,2,54.0,18.0,3.0,302,POU5F1
2,2,49.0,119.0,3.0,335,POU5F1
2,3,122.0,14.0,0.0,957,HAND1
2,3,7.0,176.0,0.0,425,HAND1
2,3,106.0,27.0,0.0,386,HAND1
2,3,148.0,42.0,0.0,302,HAND1
2,3,130.0,180.0,0.0,333,HAND1
2,3,22.0,163.0,0.0,296,HAND1
2,3,27.0,77.0,0.0,313,HAND1
2,3,175.0,129.0,0.0,337,HAND1
2,3,75.0,76.0,0.0,340,HAND1
2,3,4.0,89.0,0.0,295,HAND1
2,3,171.0,149.0,0.0,296,HAND1
2,3,41.0,143.0,0.0,282,HAND1
2,3,101.0,72.0,0.0,290,HAND1
2,3,123.0,141.0,0.0,316,HAND1
2,3,88.0,134.0,0.0,277,HAND1
2,3,49.0,119.0,0.0,275,HAND1
2,3,36.0,79.0,0.0,278,HAND1
2,3,140.0,105.0,0.0,274,HAND1
2,3,92.0,137.0,0.0,278,HAND1
2,3,15.0,150.0,0.0,274,HAND1
2,3,122.0,14.0,1.0,1009,HAND1
2,3,7.0,176.0,1.0,431,HAND1
2,3,4.0,89.0,1.0,330,HAND1
2,3,13.0,71.0,1.0,334,HAND1
2,3,27.0,77.0,1.0,321,HAND1
2,3,106.0,27.0,1.0,326,HAND1
2,3,175.0,129.0,1.0,331,HAND1
2,3,75.0,76.0,1.0,350,HAND1
2,3,15.0,150.0,1.0,313,HAND1
2,3,49.0,119.0,1.0,289,HAND1
2,3,148.0,42.0,1.0,291,HAND1
2,3,22.0,163.0,1.0,285,HAND1
2,3,76.0,40.0,1.0,299,HAND1
2,3,101.0,72.0,1.0,306,HAND1
2,3,143.0,145.0,1.0,300,HAND1
2,3,130.0,180.0,1.0,284,HAND1
2,3,171.0,149.0,1.0,293,HAND1
2,3,104.0,83.0,1.0,284,HAND1
2,3,32.0,57.0,1.0,276,HAND1
2,3,29.0,59.0,1.0,298,HAND1
2,3,122.0,14.0,2.0,995,HAND1
2,3,7.0,176.0,2.0,403,HAND1
2,3,13.0,71.0,2.0,379,HAND1
2,3,27.0,77.0,2.0,339,HAND1
2,3,22.0,163.0,2.0,297,HAND1
2,3,106.0,27.0,2.0,323,HAND1
2,3,130.0,180.0,2.0,327,HAND1
2,3,54.0,18.0,2.0,297,HAND1
2,3,4.0,89.0,2.0,313,HAND1
2,3,76.0,40.0,2.0,283,HAND1
2,3,148.0,42.0,2.0,295,HAND1
2,3,75.0,76.0,2.0,339,HAND1
2,3,123.0,141.0,2.0,311,HAND1
2,3,101.0,72.0,2.0,299,HAND1
2,3,49.0,119.0,2.0,324,HAND1
2,3,194.0,151.0,2.0,283,HAND1
2,3,175.0,129.0,2.0,330,HAND1
2,3,171.0,149.0,2.0,319,HAND1
2,3,41.0,143.0,2.0,277,HAND1
2,3,15.0,150.0,2.0,287,HAND1
2,3,122.0,14.0,3.0,955,HAND1
2,3,7.0,176.0,3.0,393,HAND1
2,3,13.0,71.0,3.0,345,HAND1
2,3,199.0,184.0,3.0,276,HAND1
2,3,75.0,76.0,3.0,366,HAND1
2,3,130.0,180.0,3.0,306,HAND1
2,3,15.0,150.0,3.0,291,HAND1
2,3,22.0,163.0,3.0,319,HAND1
2,3,76.0,40.0,3.0,281,HAND1
2,3,27.0,77.0,3.0,314,HAND1
2,3,123.0,141.0,3.0,307,HAND1
2,3,106.0,27.0,3.0,302,HAND1
2,3,175.0,129.0,3.0,319,HAND1
2,3,148.0,42.0,3.0,301,HAND1
2,3,49.0,119.0,3.0,278,HAND1
2,3,4.0,89.0,3.0,298,HAND1
2,3,184.0,81.0,3.0,277,HAND1
2,3,36.0,79.0,3.0,276,HAND1
2,3,190.0,27.0,3.0,285,HAND1
2,3,171.0,149.0,3.0,284,HAND1
3,1,122.0,14.0,0.0,618,FOXA2
3,1,40.0,192.0,0.0,309,FOXA2
3,1,7.0,176.0,0.0,356,FOXA2
3,1,173.0,193.0,0.0,308,FOXA2
3,1,140.0,199.0,0.0,310,FOXA2
3,1,155.0,190.0,0.0,309,FOXA2
3,1,102.0,199.0,0.0,309,FOXA2
3,1,105.0,184.0,0.0,311,FOXA2
3,1,106.0,179.0,0.0,313,FOXA2
3,1,171.0,149.0,0.0,317,FOXA2
3,1,92.0,155.0,0.0,311,FOXA2
3,1,175.0,129.0,0.0,327,FOXA2
3,1,134.0,168.0,0.0,314,FOXA2
3,1,75.0,76.0,0.0,318,FOXA2
3,1,194.0,124.0,0.0,314,FOXA2
3,1,179.0,156.0,0.0,307,FOXA2
3,1,25.0,171.0,0.0,308,FOXA2
3,1,59.0,134.0,0.0,318,FOXA2
3,1,142.0,138.0,0.0,307,FOXA2
3,1,122.0,14.0,1.0,576,FOXA2
3,1,103.0,199.0,1.0,323,FOXA2
3,1,49.0,119.0,1.0,333,FOXA2
3,1,135.0,47.0,1.0,304,FOXA2
3,1,75.0,76.0,1.0,345,FOXA2
3,1,4.0,89.0,1.0,333,FOXA2
3,1,117.0,125.0,1.0,301,FOXA2
3,1,82.0,111.0,1.0,307,FOXA2
3,1,174.0,166.0,1.0,303,FOXA2
3,1,180.0,156.0,1.0,303,FOXA2
3,1,148.0,161.0,1.0,321,FOXA2
3,1,121.0,65.0,1.0,301,FOXA2
3,1,27.0,77.0,1.0,317,FOXA2
3,1,87.0,199.0,1.0,300,FOXA2
3,1,182.0,183.0,1.0,309,FOXA2
3,1,163.0,148.0,1.0,311,FOXA2
3,1,143.0,145.0,1.0,333,FOXA2
3,1,194.0,191.0,1.0,306,FOXA2
3,1,106.0,24.0,1.0,301,FOXA2
3,1,199.0,134.0,1.0,318,FOXA2
3,1,122.0,14.0,2.0,567,FOXA2
3,1,149.0,199.0,2.0,314,FOXA2
3,1,175.0,129.0,2.0,333,FOXA2
3,1,123.0,141.0,2.0,317,FOXA2
3,1,87.0,199.0,2.0,304,FOXA2
3,1,102.0,199.0,2.0,302,FOXA2
3,1,91.0,175.0,2.0,324,FOXA2
3,1,150.0,183.0,2.0,308,FOXA2
3,1,41.0,143.0,2.0,306,FOXA2
3,1,186.0,156.0,2.0,302,FOXA2
3,1,51.0,180.0,2.0,302,FOXA2
3,1,7.0,176.0,2.0,356,FOXA2
3,1,188.0,69.0,2.0,317,FOXA2
3,1,171.0,149.0,2.0,350,FOXA2
3,1,110.0,199.0,2.0,302,FOXA2
3,1,116.0,138.0,2.0,311,FOXA2
3,1,90.0,119.0,2.0,301,FOXA2
3,1,195.0,179.0,2.0,331,FOXA2
3,1,182.0,173.0,2.0,323,FOXA2
3,1,187.0,165.0,2.0,303,FOXA2
3,1,122.0,14.0,3.0,555,FOXA2
3,1,108.0,172.0,3.0,318,FOXA2
3,1,50.0,179.0,3.0,302,FOXA2
3,1,169.0,199.0,3.0,306,FOXA2
3,1,115.0,135.0,3.0,307,FOXA2
3,1,111.0,159.0,3.0,302,FOXA2
3,1,199.0,184.0,3.0,339,FOXA2
3,1,172.0,155.0,3.0,311,FOXA2
3,1,96.0,154.0,3.0,304,FOXA2
3,1,186.0,178.0,3.0,305,FOXA2
3,1,121.0,150.0,3.0,308,FOXA2
3,1,13.0,71.0,3.0,301,FOXA2
3,1,189.0,91.0,3.0,304,FOXA2
3,1,7.0,176.0,3.0,333,FOXA2
3,1,74.0,117.0,3.0,304,FOXA2
3,1,167.0,184.0,3.0,307,FOXA2
3,1,126.0,163.0,3.0,303,FOXA2
3,1,124.0,127.0,3.0,301,FOXA2
3,1,185.0,171.0,3.0,323,FOXA2
3,1,174.0,165.0,3.0,303,FOXA2
3,2,122.0,14.0,0.0,1013,SOX2
3,2,7.0,176.0,0.0,441,SOX2
3,2,13.0,71.0,0.0,400,SOX2
3,2,75.0,76.0,0.0,409,SOX2
3,2,175.0,129.0,0.0,397,SOX2
3,2,15.0,150.0,0.0,361,SOX2
3,2,106.0,27.0,0.0,396,SOX2
3,2,4.0,89.0,0.0,358,SOX2
3,2,22.0,163.0,0.0,392,SOX2
3,2,27.0,77.0,0.0,358,SOX2
3,2,174.0,157.0,0.0,312,SOX2
3,2,80.0,158.0,0.0,329,SOX2
3,2,123.0,141.0,0.0,342,SOX2
3,2,140.0,105.0,0.0,315,SOX2
3,2,183.0,108.0,0.0,335,SOX2
3,2,92.0,137.0,0.0,319,SOX2
3,2,148.0,42.0,0.0,310,SOX2
3,2,49.0,119.0,0.0,310,SOX2
3,2,171.0,149.0,0.0,310,SOX2
3,2,122.0,14.0,1.0,979,SOX2
3,2,7.0,176.0,1.0,430,SOX2
3,2,13.0,71.0,1.0,401,SOX2
3,2,123.0,141.0,1.0,346,SOX2
3,2,54.0,18.0,1.0,309,SOX2
3,2,27.0,77.0,1.0,316,SOX2
3,2,75.0,76.0,1.0,392,SOX2
3,2,106.0,27.0,1.0,350,SOX2
3,2,130.0,180.0,1.0,305,SOX2
3,2,4.0,89.0,1.0,319,SOX2
3,2,49.0,119.0,1.0,320,SOX2
3,2,41.0,143.0,1.0,322,SOX2
3,2,92.0,137.0,1.0,312,SOX2
3,2,89.0,198.0,1.0,304,SOX2
3,2,15.0,150.0,1.0,324,SOX2
3,2,44.0,188.0,1.0,326,SOX2
3,2,175.0,129.0,1.0,318,SOX2
3,2,184.0,81.0,1.0,299,SOX2
3,2,143.0,145.0,1.0,311,SOX2
3,2,171.0,149.0,1.0,316,SOX2
3,2,122.0,14.0,2.0,935,SOX2
3,2,7.0,176.0,2.0,423,SOX2
3,2,13.0,71.0,2.0,404,SOX2
3,2,123.0,141.0,2.0,407,SOX2
3,2,175.0,129.0,2.0,372,SOX2
3,2,75.0,76.0,2.0,358,SOX2
3,2,22.0,163.0,2.0,355,SOX2
3,2,15.0,150.0,2.0,320,SOX2
3,2,54.0,18.0,2.0,303,SOX2
3,2,41.0,143.0,2.0,345,SOX2
3,2,106.0,27.0,2.0,355,SOX2
3,2,4.0,89.0,2.0,341,SOX2
3,2,171.0,149.0,2.0,316,SOX2
3,2,49.0,119.0,2.0,340,SOX2
3,2,27.0,77.0,2.0,330,SOX2
3,2,148.0,42.0,2.0,325,SOX2
3,2,96.0,20.0,2.0,310,SOX2
3,2,88.0,134.0,2.0,335,SOX2
3,2,183.0,108.0,2.0,297,SOX2
3,2,130.0,180.0,2.0,321,SOX2
3,2,122.0,14.0,3.0,943,SOX2
3,2,7.0,176.0,3.0,406,SOX2
3,2,22.0,163.0,3.0,341,SOX2
3,2,13.0,71.0,3.0,377,SOX2
3,2,123.0,141.0,3.0,374,SOX2
3,2,106.0,27.0,3.0,373,SOX2
3,2,11.0,166.0,3.0,327,SOX2
3,2,54.0,18.0,3.0,309,SOX2
3,2,75.0,76.0,3.0,353,SOX2
3,2,175.0,129.0,3.0,365,SOX2
3,2,88.0,176.0,3.0,334,SOX2
3,2,130.0,180.0,3.0,326,SOX2
3,2,88.0,134.0,3.0,333,SOX2
3,2,80.0,158.0,3.0,312,SOX2
3,2,171.0,149.0,3.0,319,SOX2
3,2,15.0,150.0,3.0,302,SOX2
3,2,177.0,8.0,3.0,299,SOX2
3,2,149.0,134.0,3.0,305,SOX2
3,2,117.0,159.0,3.0,301,SOX2
3,3,122.0,14.0,0.0,966,SOX1
3,3,7.0,176.0,0.0,411,SOX1
3,3,106.0,27.0,0.0,331,SOX1
3,3,13.0,71.0,0.0,342,SOX1
3,3,75.0,76.0,0.0,355,SOX1
3,3,199.0,184.0,0.0,273,SOX1
3,3,27.0,77.0,0.0,360,SOX1
3,3,54.0,18.0,0.0,300,SOX1
3,3,175.0,129.0,0.0,348,SOX1
3,3,130.0,180.0,0.0,326,SOX1
3,3,123.0,141.0,0.0,308,SOX1
3,3,171.0,149.0,0.0,309,SOX1
3,3,41.0,143.0,0.0,302,SOX1
3,3,15.0,150.0,0.0,280,SOX1
3,3,22.0,163.0,0.0,272,SOX1
3,3,4.0,89.0,0.0,305,SOX1
3,3,148.0,42.0,0.0,284,SOX1
3,3,184.0,81.0,0.0,281,SOX1
3,3,183.0,108.0,0.0,271,SOX1
3,3,177.0,178.0,0.0,276,SOX1
3,3,122.0,14.0,1.0,967,SOX1
3,3,7.0,176.0,1.0,419,SOX1
3,3,75.0,76.0,1.0,384,SOX1
3,3,13.0,71.0,1.0,328,SOX1
3,3,4.0,89.0,1.0,317,SOX1
3,3,175.0,129.0,1.0,350,SOX1
3,3,27.0,77.0,1.0,300,SOX1
3,3,49.0,119.0,1.0,296,SOX1
3,3,123.0,141.0,1.0,331,SOX1
3,3,130.0,180.0,1.0,297,SOX1
3,3,106.0,27.0,1.0,323,SOX1
3,3,88.0,134.0,1.0,296,SOX1
3,3,171.0,149.0,1.0,316,SOX1
3,3,155.0,142.0,1.0,303,SOX1
3,3,41.0,143.0,1.0,293,SOX1
3,3,113.0,110.0,1.0,278,SOX1
3,3,190.0,27.0,1.0,276,SOX1
3,3,149.0,134.0,1.0,287,SOX1
3,3,54.0,18.0,1.0,281,SOX1
3,3,122.0,14.0,2.0,1022,SOX1
3,3,7.0,176.0,2.0,415,SOX1
3,3,123.0,141.0,2.0,368,SOX1
3,3,75.0,76.0,2.0,336,SOX1
3,3,106.0,27.0,2.0,358,SOX1
3,3,3.0,60.0,2.0,277,SOX1
3,3,183.0,108.0,2.0,310,SOX1
3,3,76.0,40.0,2.0,295,SOX1
3,3,175.0,129.0,2.0,353,SOX1
3,3,27.0,77.0,2.0,295,SOX1
3,3,130.0,180.0,2.0,301,SOX1
3,3,49.0,119.0,2.0,311,SOX1
3,3,4.0,89.0,2.0,286,SOX1
3,3,104.0,83.0,2.0,285,SOX1
3,3,93.0,15.0,2.0,277,SOX1
3,3,101.0,72.0,2.0,280,SOX1
3,3,144.0,175.0,2.0,279,SOX1
3,3,36.0,79.0,2.0,287,SOX1
3,3,169.0,125.0,2.0,279,SOX1
3,3,15.0,150.0,2.0,288,SOX1
3,3,122.0,14.0,3.0,1031,SOX1
3,3,7.0,176.0,3.0,430,SOX1
3,3,13.0,71.0,3.0,336,SOX1
3,3,130.0,180.0,3.0,336,SOX1
3,3,106.0,27.0,3.0,328,SOX1
3,3,81.0,55.0,3.0,277,SOX1
3,3,54.0,18.0,3.0,288,SOX1
3,3,27.0,77.0,3.0,317,SOX1
3,3,123.0,141.0,3.0,316,SOX1
3,3,75.0,76.0,3.0,333,SOX1
3,3,49.0,119.0,3.0,305,SOX1
3,3,28.0,110.0,3.0,274,SOX1
3,3,171.0,149.0,3.0,281,SOX1
3,3,4.0,89.0,3.0,316,SOX1
3,3,114.0,40.0,3.0,285,SOX1
3,3,15.0,150.0,3.0,295,SOX1
3,3,151.0,148.0,3.0,278,SOX1
3,3,92.0,137.0,3.0,279,SOX1
3,3,175.0,129.0,3.0,290,SOX1
3,3,83.0,128.0,3.0,269,SOX1
4,1,122.0,14.0,0.0,496,NODAL
4,1,115.0,140.0,0.0,311,NODAL
4,1,118.0,194.0,0.0,336,NODAL
4,1,7.0,176.0,0.0,333,NODAL
4,1,75.0,76.0,0.0,354,NODAL
4,1,105.0,187.0,0.0,313,NODAL
4,1,111.0,160.0,0.0,311,NODAL
4,1,99.0,159.0,0.0,305,NODAL
4,1,127.0,188.0,0.0,316,NODAL
4,1,158.0,194.0,0.0,317,NODAL
4,1,119.0,169.0,0.0,305,NODAL
4,1,134.0,114.0,0.0,308,NODAL
4,1,105.0,160.0,0.0,325,NODAL
4,1,123.0,141.0,0.0,320,NODAL
4,1,88.0,176.0,0.0,305,NODAL
4,1,149.0,134.0,0.0,313,NODAL
4,1,175.0,129.0,0.0,322,NODAL
4,1,89.0,160.0,0.0,310,NODAL
4,1,74.0,173.0,0.0,317,NODAL
4,1,122.0,14.0,1.0,541,NODAL
4,1,104.0,192.0,1.0,325,NODAL
4,1,104.0,186.0,1.0,309,NODAL
4,1,27.0,77.0,1.0,313,NODAL
4,1,165.0,179.0,1.0,307,NODAL
4,1,57.0,183.0,1.0,307,NODAL
4,1,123.0,102.0,1.0,326,NODAL
4,1,56.0,178.0,1.0,309,NODAL
4,1,102.0,199.0,1.0,328,NODAL
4,1,173.0,180.0,1.0,325,NODAL
4,1,199.0,180.0,1.0,335,NODAL
4,1,12.0,156.0,1.0,332,NODAL
4,1,140.0,105.0,1.0,313,NODAL
4,1,199.0,144.0,1.0,310,NODAL
4,1,175.0,129.0,1.0,315,NODAL
4,1,153.0,158.0,1.0,307,NODAL
4,1,156.0,197.0,1.0,318,NODAL
4,1,187.0,177.0,1.0,327,NODAL
4,1,94.0,176.0,1.0,311,NODAL
4,1,134.0,92.0,1.0,308,NODAL
4,1,122.0,14.0,2.0,551,NODAL
4,1,109.0,163.0,2.0,318,NODAL
4,1,192.0,177.0,2.0,310,NODAL
4,1,199.0,17.0,2.0,303,NODAL
4,1,199.0,184.0,2.0,330,NODAL
4,1,191.0,155.0,2.0,312,NODAL
4,1,132.0,63.0,2.0,302,NODAL
4,1,113.0,151.0,2.0,316,NODAL
4,1,182.0,110.0,2.0,316,NODAL
4,1,93.0,15.0,2.0,303,NODAL
4,1,187.0,184.0,2.0,305,NODAL
4,1,104.0,192.0,2.0,316,NODAL
4,1,19.0,67.0,2.0,309,NODAL
4,1,114.0,147.0,2.0,302,NODAL
4,1,119.0,149.0,2.0,302,NODAL
4,1,149.0,198.0,2.0,312,NODAL
4,1,178.0,157.0,2.0,321,NODAL
4,1,118.0,172.0,2.0,303,NODAL
4,1,75.0,117.0,2.0,341,NODAL
4,1,181.0,147.0,2.0,301,NODAL
4,1,122.0,14.0,3.0,559,NODAL
4,1,128.0,76.0,3.0,312,NODAL
4,1,199.0,35.0,3.0,315,NODAL
4,1,7.0,176.0,3.0,365,NODAL
4,1,60.0,122.0,3.0,318,NODAL
4,1,106.0,27.0,3.0,313,NODAL
4,1,127.0,167.0,3.0,307,NODAL
4,1,150.0,134.0,3.0,322,NODAL
4,1,123.0,102.0,3.0,309,NODAL
4,1,13.0,71.0,3.0,312,NODAL
4,1,199.0,145.0,3.0,308,NODAL
4,1,113.0,144.0,3.0,322,NODAL
4,1,4.0,89.0,3.0,313,NODAL
4,1,152.0,119.0,3.0,322,NODAL
4,1,41.0,143.0,3.0,335,NODAL
4,1,119.0,149.0,3.0,329,NODAL
4,1,92.0,191.0,3.0,315,NODAL
4,1,123.0,141.0,3.0,322,NODAL
4,1,150.0,179.0,3.0,314,NODAL
4,1,193.0,195.0,3.0,319,NODAL
4,2,122.0,14.0,0.0,1026,ACVR1B
4,2,7.0,176.0,0.0,419,ACVR1B
4,2,75.0,76.0,0.0,360,ACVR1B
4,2,106.0,27.0,0.0,382,ACVR1B
4,2,3.0,60.0,0.0,315,ACVR1B
4,2,13.0,71.0,0.0,344,ACVR1B
4,2,175.0,129.0,0.0,333,ACVR1B
4,2,130.0,180.0,0.0,358,ACVR1B
4,2,49.0,119.0,0.0,344,ACVR1B
4,2,123.0,141.0,0.0,369,ACVR1B
4,2,27.0,77.0,0.0,334,ACVR1B
4,2,194.0,151.0,0.0,311,ACVR1B
4,2,148.0,42.0,0.0,334,ACVR1B
4,2,32.0,57.0,0.0,317,ACVR1B
4,2,4.0,89.0,0.0,340,ACVR1B
4,2,15.0,150.0,0.0,307,ACVR1B
4,2,190.0,27.0,0.0,307,ACVR1B
4,2,91.0,172.0,0.0,299,ACVR1B
4,2,41.0,143.0,0.0,320,ACVR1B
4,2,88.0,134.0,0.0,324,ACVR1B
4,2,122.0,14.0,1.0,1022,ACVR1B
4,2,7.0,176.0,1.0,436,ACVR1B
4,2,75.0,76.0,1.0,400,ACVR1B
4,2,123.0,141.0,1.0,371,ACVR1B
4,2,49.0,119.0,1.0,323,ACVR1B
4,2,54.0,18.0,1.0,316,ACVR1B
4,2,27.0,77.0,1.0,313,ACVR1B
4,2,183.0,108.0,1.0,306,ACVR1B
4,2,130.0,180.0,1.0,351,ACVR1B
4,2,22.0,163.0,1.0,348,ACVR1B
4,2,144.0,175.0,1.0,328,ACVR1B
4,2,194.0,151.0,1.0,308,ACVR1B
4,2,101.0,72.0,1.0,307,ACVR1B
4,2,125.0,51.0,1.0,312,ACVR1B
4,2,165.0,134.0,1.0,317,ACVR1B
4,2,175.0,129.0,1.0,351,ACVR1B
4,2,106.0,27.0,1.0,327,ACVR1B
4,2,167.0,184.0,1.0,311,ACVR1B
4,2,15.0,150.0,1.0,309,ACVR1B
4,2,122.0,14.0,2.0,971,ACVR1B
4,2,7.0,176.0,2.0,466,ACVR1B
4,2,13.0,71.0,2.0,387,ACVR1B
4,2,106.0,27.0,2.0,349,ACVR1B
4,2,27.0,77.0,2.0,357,ACVR1B
4,2,123.0,141.0,2.0,357,ACVR1B
4,2,75.0,76.0,2.0,349,ACVR1B
4,2,22.0,163.0,2.0,357,ACVR1B
4,2,15.0,150.0,2.0,352,ACVR1B
4,2,49.0,119.0,2.0,334,ACVR1B
4,2,41.0,143.0,2.0,308,ACVR1B
4,2,101.0,72.0,2.0,340,ACVR1B
4,2,49.0,104.0,2.0,311,ACVR1B
4,2,4.0,89.0,2.0,329,ACVR1B
4,2,130.0,180.0,2.0,320,ACVR1B
4,2,184.0,81.0,2.0,315,ACVR1B
4,2,175.0,129.0,2.0,338,ACVR1B
4,2,11.0,166.0,2.0,310,ACVR1B
4,2,144.0,175.0,2.0,307,ACVR1B
4,2,92.0,137.0,2.0,324,ACVR1B
4,2,122.0,14.0,3.0,1033,ACVR1B
4,2,7.0,176.0,3.0,449,ACVR1B
4,2,22.0,163.0,3.0,394,ACVR1B
4,2,13.0,71.0,3.0,368,ACVR1B
4,2,101.0,72.0,3.0,325,ACVR1B
4,2,49.0,119.0,3.0,335,ACVR1B
4,2,106.0,27.0,3.0,331,ACVR1B
4,2,175.0,129.0,3.0,348,ACVR1B
4,2,75.0,76.0,3.0,357,ACVR1B
4,2,27.0,77.0,3.0,313,ACVR1B
4,2,4.0,89.0,3.0,343,ACVR1B
4,2,41.0,143.0,3.0,326,ACVR1B
4,2,123.0,141.0,3.0,354,ACVR1B
4,2,88.0,176.0,3.0,316,ACVR1B
4,2,15.0,150.0,3.0,305,ACVR1B
4,2,165.0,134.0,3.0,295,ACVR1B
4,2,149.0,178.0,3.0,297,ACVR1B
4,2,88.0,134.0,3.0,307,ACVR1B
4,2,183.0,108.0,3.0,300,ACVR1B
4,2,140.0,84.0,3.0,295,ACVR1B
4,3,122.0,14.0,0.0,1011,ACVR1
4,3,7.0,176.0,0.0,424,ACVR1
4,3,49.0,119.0,0.0,352,ACVR1
4,3,130.0,180.0,0.0,323,ACVR1
4,3,13.0,71.0,0.0,331,ACVR1
4,3,4.0,89.0,0.0,320,ACVR1
4,3,106.0,27.0,0.0,346,ACVR1
4,3,54.0,18.0,0.0,294,ACVR1
4,3,15.0,150.0,0.0,305,ACVR1
4,3,27.0,77.0,0.0,317,ACVR1
4,3,175.0,129.0,0.0,346,ACVR1
4,3,123.0,141.0,0.0,323,ACVR1
4,3,22.0,163.0,0.0,304,ACVR1
4,3,41.0,143.0,0.0,319,ACVR1
4,3,71.0,59.0,0.0,296,ACVR1
4,3,80.0,158.0,0.0,273,ACVR1
4,3,11.0,166.0,0.0,267,ACVR1
4,3,148.0,42.0,0.0,283,ACVR1
4,3,183.0,108.0,0.0,277,ACVR1
4,3,29.0,59.0,0.0,270,ACVR1
4,3,122.0,14.0,1.0,968,ACVR1
4,3,7.0,176.0,1.0,397,ACVR1
4,3,13.0,71.0,1.0,383,ACVR1
4,3,123.0,141.0,1.0,316,ACVR1
4,3,49.0,119.0,1.0,304,ACVR1
4,3,75.0,76.0,1.0,366,ACVR1
4,3,148.0,42.0,1.0,284,ACVR1
4,3,106.0,27.0,1.0,329,ACVR1
4,3,130.0,180.0,1.0,343,ACVR1
4,3,175.0,129.0,1.0,344,ACVR1
4,3,54.0,18.0,1.0,286,ACVR1
4,3,11.0,166.0,1.0,292,ACVR1
4,3,4.0,89.0,1.0,282,ACVR1
4,3,32.0,57.0,1.0,303,ACVR1
4,3,171.0,149.0,1.0,312,ACVR1
4,3,27.0,77.0,1.0,306,ACVR1
4,3,101.0,72.0,1.0,283,ACVR1
4,3,104.0,83.0,1.0,291,ACVR1
4,3,164.0,76.0,1.0,299,ACVR1
4,3,36.0,79.0,1.0,288,ACVR1
4,3,122.0,14.0,2.0,1015,ACVR1
4,3,7.0,176.0,2.0,375,ACVR1
4,3,22.0,163.0,2.0,321,ACVR1
4,3,75.0,76.0,2.0,385,ACVR1
4,3,13.0,71.0,2.0,337,ACVR1
4,3,4.0,89.0,2.0,306,ACVR1
4,3,175.0,129.0,2.0,349,ACVR1
4,3,123.0,141.0,2.0,324,ACVR1
4,3,54.0,18.0,2.0,280,ACVR1
4,3,27.0,77.0,2.0,308,ACVR1
4,3,171.0,149.0,2.0,326,ACVR1
4,3,106.0,27.0,2.0,298,ACVR1
4,3,11.0,166.0,2.0,271,ACVR1
4,3,49.0,119.0,2.0,294,ACVR1
4,3,130.0,180.0,2.0,303,ACVR1
4,3,88.0,134.0,2.0,279,ACVR1
4,3,111.0,53.0,2.0,286,ACVR1
4,3,41.0,143.0,2.0,276,ACVR1
4,3,36.0,79.0,2.0,276,ACVR1
4,3,91.0,172.0,2.0,286,ACVR1
4,3,122.0,14.0,3.0,987,ACVR1
4,3,7.0,176.0,3.0,385,ACVR1
4,3,13.0,71.0,3.0,341,ACVR1
4,3,175.0,129.0,3.0,340,ACVR1
4,3,75.0,76.0,3.0,332,ACVR1
4,3,81.0,55.0,3.0,277,ACVR1
4,3,106.0,27.0,3.0,304,ACVR1
4,3,80.0,158.0,3.0,283,ACVR1
4,3,27.0,77.0,3.0,295,ACVR1
4,3,130.0,180.0,3.0,298,ACVR1
4,3,123.0,141.0,3.0,317,ACVR1
4,3,88.0,134.0,3.0,308,ACVR1
4,3,22.0,163.0,3.0,308,ACVR1
4,3,4.0,89.0,3.0,289,ACVR1
4,3,171.0,149.0,3.0,283,ACVR1
4,3,15.0,150.0,3.0,289,ACVR1
4,3,49.0,119.0,3.0,282,ACVR1
4,3,111.0,53.0,3.0,278,ACVR1
4,3,161.0,83.0,3.0,276,ACVR1
